id,first_name,last_name
1,Lyndsey,Rathke
2,Clerc,Fullick
3,Cleo,Haveline
4,Odie,Rollitt
5,Erich,Stollery
6,Norrie,Sleicht
7,Jakob,Madigan
8,Leonhard,Ebanks
9,Stuart,Lambkin
10,Ceciley,Hinks
11,Wally,Tasker
12,Jeramey,Neath
13,Bobbi,Compford
14,Mikaela,Grindlay
15,Torrey,Lydiatt
16,Aloysius,Genike
17,Dannie,Patmore
18,Valida,Digweed
19,Hunt,Flisher
20,Binny,Constanza
21,Woody,Hucks
22,Brenn,Warlow
23,Herminia,Hamsher
24,Rosana,Kipling
25,Shae,Pitbladdo
26,Doris,Luckett
27,Anthe,Frensch
28,Berta,Cownden
29,Shepherd,Erat
30,Brandtr,Blofeld
31,Sid,Lillie
32,Ebonee,Mourgue
33,Casandra,Pirdue
34,Stephana,Cottage
35,Madlen,Carrodus
36,Loella,Longmire
37,Andre,Gutherson
38,Grover,Wayman
39,Liesa,Hallowes
40,Tracie,Sandbatch
41,Gideon,Scrowston
42,Lancelot,Exeter
43,Aluin,Linne
44,Shirleen,Spottiswood
45,Sheena,Mather
46,Noach,Da Costa
47,Roderic,Mertsching
48,Elise,Tanzig
49,Cahra,Scholtz
50,Corilla,Esom
51,Adrien,Babington
52,Tuckie,Mourant
53,Kassi,Yeats
54,Torin,Gorthy
55,Ephrem,Cuppitt
56,Robina,Simants
57,Angelico,Woodroofe
58,Abrahan,Wyley
59,Ewen,Gewer
60,Alisa,Rosentholer
61,Ed,Durbann
62,Nona,Skures
63,Alanson,Strain
64,Scotty,Denton
65,Betsey,Sammars
66,Nettle,Brooking
67,Cathrine,Stannett
68,Julian,Hum
69,Farr,Reece
70,Tremaine,Timmes
71,George,Ponder
72,Marin,Gask
73,Olly,Fillery
74,Hal,Gyse
75,Norman,Pattle
76,Tobi,Origan
77,Ron,Usborn
78,Archie,Roslen
79,Jeremiah,Wynter
80,Addy,Sigg
81,Mireille,Alleyn
82,Leena,Firpo
83,Dari,Breakey
84,Gualterio,Gaul
85,Marjie,Downing
86,Tana,Jahner
87,Lonni,Chevers
88,Jemmy,Midford
89,Maddalena,Brimming
90,Nata,Nevinson
91,Noel,Boldt
92,Ashien,Donneely
93,Corette,Paoloni
94,Niki,Kedslie
95,Murry,Jeffers
96,Fernande,Showalter
97,Marcy,Blaes
98,Phil,Frampton
99,Reed,Mumm
100,Mohandis,Kinny
